{"initial_reset_timestamp": 1580457052.5284982, "timestamps": [1580457055.4360733], "episode_lengths": [300], "episode_rewards": [179.88354954830513], "episode_types": ["t", "t"]}