{"initial_reset_timestamp": 1580215573.1414678, "timestamps": [1580215576.2638714], "episode_lengths": [300], "episode_rewards": [-2.8614144795857173], "episode_types": ["t", "t"]}